0,1,1,19.5
0.01,51.9739,1,19.5
0.02,53.3642,1,19.5
0.03,53.7701,1,19.5
0.04,64.9359,1,19.5
0.05,65.9549,1.68,19.5
0.06,55.5706,3.35,19.5
0.07,54.3703,6.7,19.5
0.08,53.7312,13.39,19.5
0.09,52.7165,26.79,19.5
0.1,51.3607,29.12,19.5
0.11,50.1777,30.95,19.5
0.12,48.7905,32.16,19.5
0.13,46.5252,34.54,19.5
0.14,43.5751,39.5,19.5
0.15,32.9238,45.01,19.5
0.16,32.0257,47.56,19.5
0.17,29.9921,47.98,19.5
0.18,28.1149,48.32,19.5
0.19,26.1776,47.8,19.5
0.2,24.7429,47.28,19.5
0.21,22.2429,46.16,19.5
0.22,21.3752,42.29,19.5
0.23,18.8092,42.01,19.5
0.24,16.4523,41.9,19.5
0.25,15.549,41.91,19.5
0.26,14.6845,41.89,19.5
0.27,13.2867,41.87,19.5
0.28,12.8622,41.82,19.5
0.29,12.7137,41.6,19.5
0.3,12.5652,41.06,19.5
0.31,12.9125,39.11,19.5
0.32,12.4609,37.91,19.5
0.33,11.7856,36.71,19.5
0.34,11.0415,36.34,19.5
0.35,10.3791,35.97,19.5
0.36,9.511,32.82,19.5
0.37,9.2076,29,19.5
0.38,9.4269,28.28,19.5
0.39,9.6462,27.93,19.5
0.4,10.1039,27.93,19.5
0.41,11.1963,28.01,19.5
0.42,7.8314,28.1,19.5
0.43,7.7519,28.17,19.5
0.44,7.7995,28.17,19.5
0.45,7.847,28.09,19.5
0.46,7.9732,28.01,19.5
0.47,8.1493,27.15,19.5
0.48,8.3383,27.44,19.5
0.49,8.3598,26.54,19.5
0.5,8.3683,25.83,19.5
0.51,8.6604,25.5,19.5
0.52,8.7764,24.77,19.5
0.53,8.8881,24.06,19.5
0.54,9.2274,23.62,19.5
0.55,9.7171,22.44,19.5
0.56,10.091,20.38,19.5
0.57,10.263,18.72,19.5
0.58,10.0824,18.05,19.5
0.59,10.0222,18.13,19.5
0.6,9.8396,17,19.5
0.61,9.8222,16.12,19.5
0.62,9.8988,15.71,19.5
0.63,9.9754,15.57,19.5
0.64,10.1297,16.29,19.5
0.65,10.7318,17.01,19.5
0.66,11.1275,19.54,19.5
0.67,11.2695,20.87,19.5
0.68,11.4974,21.67,19.5
0.69,12.3361,25.24,19.5
0.7,12.4093,27.5,19.5
0.71,12.306,28.74,19.5
0.72,12.0308,28.75,19.5
0.73,11.5017,29.57,19.5
0.74,10.7619,29.95,19.5
0.75,10.3535,30.21,19.5
0.76,10.1517,30.09,19.5
0.77,10.0717,29.97,19.5
0.78,10.0749,29.85,19.5
0.79,10.0781,29.81,19.5
0.8,10.2071,29.76,19.5
0.81,10.1512,29.76,19.5
0.82,9.8761,28.89,19.5
0.83,9.425,28.03,19.5
0.84,9.0084,27.34,19.5
0.85,9.047,26.62,19.5
0.86,8.7592,23.9,19.5
0.87,8.3898,21.24,19.5
0.88,8.1922,21.24,19.5
0.89,8.4199,19.98,19.5
0.9,7.724,19.15,19.5
0.91,7.23,18.33,19.5
0.92,7.2171,17.67,19.5
0.93,6.7661,17.68,19.5
0.94,6.7317,17.69,19.5
0.95,6.5642,17.71,19.5
0.96,6.6115,18.8,19.5
0.97,6.2957,19.33,19.5
0.98,6.2541,19.32,19.5
0.99,6.2481,19.3,19.5
1,6.2421,19.24,19.5
1.01,6.4053,18.24,19.5
1.02,5.8984,18.31,19.5
1.03,5.5634,17.53,19.5
1.04,4.7472,15.75,19.5
1.05,4.2232,14.94,19.5
1.06,3.6561,14.61,19.5
1.07,3.5659,14.29,19.5
1.08,3.5698,14.28,19.5
1.09,3.5736,14.26,19.5
1.1,3.5948,12.58,19.5
1.11,3.639,11.74,19.5
1.12,3.8108,11.3,19.5
1.13,4.0256,11.17,19.5
1.14,4.2768,11.12,19.5
1.15,4.5281,11.09,19.5
1.16,4.4895,11.06,19.5
1.17,4.6183,11.06,19.5
1.18,4.6538,10.96,19.5
1.19,4.6892,10.6,19.5
1.2,4.9448,10.57,19.5
1.21,5.2713,10.47,19.5
1.22,5.2584,10.38,19.5
1.23,4.6012,9.29,19.5
1.24,4.5367,8.32,19.5
1.25,4.3434,8.18,19.5
1.26,4.236,7.97,19.5
1.27,4.1888,8,19.5
1.28,4.1794,8.04,19.5
1.29,4.204,8.12,19.5
1.3,4.2286,8.61,19.5
1.31,4.279,9.11,19.5
1.32,4.7859,9.61,19.5
1.33,5.3486,11.24,19.5
1.34,5.5548,18.08,19.5
1.35,6.3494,23.38,19.5
1.36,6.6115,25.83,19.5
1.37,6.7962,26.83,19.5
1.38,7.8443,27.25,19.5
1.39,8.1364,27.67,19.5
1.4,8.9439,27.77,19.5
1.41,7.84,28.01,19.5
1.42,7.6896,28.26,19.5
1.43,5.5891,29.52,19.5
1.44,4.5453,29.54,19.5
1.45,3.7098,29.54,19.5
1.46,3.393,29.34,19.5
1.47,3.0762,29.15,19.5
1.48,3.1407,29.25,19.5
1.49,3.0719,28.27,19.5
1.5,3.0923,25.3,19.5
1.51,3.1128,18.88,19.5
1.52,3.2094,10.75,19.5
1.53,3.6604,8.66,19.5
1.54,4.7945,7.15,19.5
1.55,5.3787,6.55,19.5
1.56,4.9233,5.22,19.5
1.57,4.4852,4.92,19.5
1.58,2.6768,4.79,19.5
1.59,2.6166,4.91,19.5
1.6,2.7283,5.04,19.5
1.61,2.5479,5.96,19.5
1.62,2.5441,6.4,19.5
1.63,2.5775,6.85,19.5
1.64,2.611,6.81,19.5
1.65,2.7541,6.91,19.5
1.66,3.9268,7,19.5
1.67,4.4723,7.48,19.5
1.68,5.3142,7.91,19.5
1.69,5.7524,8.32,19.5
1.7,4.2017,9.17,19.5
1.71,2.114,11.65,19.5
1.72,1.9701,12.4,19.5
1.73,1.9454,12.34,19.5
1.74,1.9207,12.28,19.5
1.75,1.9165,12.15,19.5
1.76,1.852,11.61,19.5
1.77,1.8091,9.43,19.5
1.78,1.8064,7.25,19.5
1.79,1.8056,6.56,19.5
1.8,1.8288,6.45,19.5
1.81,1.852,6.42,19.5
1.82,4.1802,7.06,19.5
1.83,4.7,7.33,19.5
1.84,5.6579,7.42,19.5
1.85,6.0788,7.35,19.5
1.86,6.2034,7.27,19.5
1.87,5.4173,6.75,19.5
1.88,4.6441,6.16,19.5
1.89,3.6604,6.35,19.5
1.9,3.6218,6.54,19.5
1.91,3.3683,7.16,19.5
1.92,2.1871,8.48,19.5
1.93,1.7156,10.18,19.5
1.94,1.6213,10.26,19.5
1.95,1.7953,10.11,19.5
1.96,1.9694,9.96,19.5
1.97,2.3632,9.62,19.5
1.98,2.8228,8.9,19.5
1.99,3.175,8.66,19.5
2,3.1793,8.6,19.5
2.01,2.1656,8.54,19.5
2.02,1.4096,8.48,19.5
2.03,1.3951,8.42,19.5
2.04,1.3806,6.37,19.5
2.05,1.3967,5.9,19.5
2.06,1.3237,5.33,19.5
2.07,1.2592,4.31,19.5
2.08,1.1991,4.17,19.5
2.09,0.9371,3.16,19.5
2.1,0.8726,2.95,19.5
2.11,0.8211,2.86,19.5
2.12,0.761,2.76,19.5
2.13,0.6793,2.76,19.5
2.14,0.6789,2.75,19.5
2.15,0.6791,2.74,19.5
2.16,0.6793,2.74,19.5
2.17,0.8297,2.67,19.5
2.18,0.9414,2.52,19.5
2.19,0.9886,2.5,19.5
2.2,0.95,2.43,19.5
2.21,0.9972,1.9,19.5
2.22,1.0079,1.65,19.5
2.23,1.0187,1.56,19.5
2.24,1.5084,1.68,19.5
2.25,1.736,1.8,19.5
2.26,1.925,2.8,19.5
2.27,2.2601,6.79,19.5
2.28,2.5651,8.06,19.5
2.29,2.9431,9.32,19.5
2.3,3.7506,10.18,19.5
2.31,5.5805,12.09,19.5
2.32,8.3769,13.73,19.5
2.33,8.7335,13.65,19.5
2.34,7.8658,13.7,19.5
2.35,4.2489,13.71,19.5
2.36,1.2893,13.71,19.5
2.37,1.2266,13.71,19.5
2.38,1.2024,13.83,19.5
2.39,1.2373,13.95,19.5
2.4,1.2721,13.97,19.5
2.41,1.3366,13.79,19.5
2.42,1.3795,13.61,19.5
2.43,1.3476,11.77,19.5
2.44,1.392,6.94,19.5
2.45,1.4364,6.41,19.5
2.46,1.6888,5.88,19.5
2.47,2.8185,5.67,19.5
2.48,3.0934,5.59,19.5
2.49,3.3512,5.58,19.5
2.5,3.3941,5.68,19.5
2.51,2.8314,5.77,19.5
2.52,2.739,6.26,19.5
2.53,2.6467,6.36,19.5
2.54,2.5522,6.91,19.5
2.55,2.4577,7.55,19.5
2.56,2.5307,7.67,19.5
2.57,2.4319,7.95,19.5
2.58,2.4405,8.04,19.5
2.59,2.3804,7.58,19.5
2.6,1.8606,7.12,19.5
2.61,1.8048,6.62,19.5
2.62,1.8008,6.45,19.5
2.63,1.8071,6.29,19.5
2.64,1.8134,6.2,19.5
2.65,2.0367,6.1,19.5
2.66,3.9568,5.8,19.5
2.67,5.5762,5.69,19.5
2.68,6.5213,5.67,19.5
2.69,7.3804,5.83,19.5
2.7,7.7627,6,19.5
2.71,8.1707,13.16,19.5
2.72,8.2352,15.23,19.5
2.73,8.1407,17.31,19.5
2.74,7.84,17.51,19.5
2.75,7.3761,17.83,19.5
2.76,7.3031,18.21,19.5
2.77,7.4491,18.27,19.5
2.78,5.5934,18.38,19.5
2.79,4.9963,18.49,19.5
2.8,4.3692,18.99,19.5
2.81,3.3963,19.36,19.5
2.82,3.2126,19.36,19.5
2.83,3.029,19.35,19.5
2.84,3.0977,19.34,19.5
2.85,2.608,17.24,19.5
2.86,2.2601,17.03,19.5
2.87,2.0625,11.89,19.5
2.88,1.8434,5.09,19.5
2.89,1.3366,4.7,19.5
2.9,1.096,4.58,19.5
2.91,0.6579,4.44,19.5
2.92,0.6364,4.07,19.5
2.93,0.5762,3.39,19.5
2.94,0.5118,3.04,19.5
2.95,0.4646,3.25,19.5
2.96,0.4517,2.68,19.5
2.97,0.4302,2.12,19.5
2.98,0.4044,1.78,19.5
2.99,0.4001,1.52,19.5
3,0.3851,1.42,19.5
3.01,0.3835,1.29,19.5
3.02,0.3832,1.06,19.5
3.03,0.4282,1,19.5
3.04,0.4732,1,19.5
3.05,0.4774,1,19.5
3.06,0.6879,1,19.5
3.07,0.8984,1.08,19.5
3.08,0.762,1.16,19.5
3.09,0.6971,1.24,19.5
3.1,0.6861,1.25,19.5
3.11,0.675,1.26,19.5
3.12,0.645,1.25,19.5
3.13,0.5848,1.26,19.5
3.14,0.5433,1.27,19.5
3.15,0.523,1.31,19.5
3.16,0.5217,1.41,19.5
3.17,0.5254,1.51,19.5
3.18,0.529,1.62,19.5
3.19,0.5376,1.67,19.5
3.2,0.95,1.68,19.5
3.21,1.4697,1.69,19.5
3.22,1.4311,1.67,19.5
3.23,1.3237,1.65,19.5
3.24,1.2993,1.59,19.5
3.25,1.2878,1.03,19.5
3.26,1.2764,1,19.5
3.27,1.3881,1.08,19.5
3.28,1.1647,1.16,19.5
3.29,0.8211,1.33,19.5
3.3,0.7906,2.04,19.5
3.31,0.7793,2.28,19.5
3.32,0.7851,2.38,19.5
3.33,0.791,2.39,19.5
3.34,0.8254,2.38,19.5
3.35,1.1991,2.38,19.5
3.36,1.6372,2.35,19.5
3.37,1.925,2.31,19.5
3.38,1.7446,2.52,19.5
3.39,1.3065,2.73,19.5
3.4,0.8426,2.91,19.5
3.41,0.6707,3.08,19.5
3.42,0.5075,3.13,19.5
3.43,0.4965,3.18,19.5
3.44,0.95,3.36,19.5
3.45,1.4036,4.19,19.5
3.46,2.3159,5.43,19.5
3.47,3.2051,7.16,19.5
3.48,3.1278,7.61,19.5
3.49,1.6845,7.63,19.5
3.5,0.761,7.63,19.5
3.51,0.9886,7.31,19.5
3.52,0.937,6.98,19.5
3.53,0.8855,6.33,19.5
3.54,0.8114,6.31,19.5
3.55,0.7755,6.28,19.5
3.56,0.9937,4.68,19.5
3.57,1.212,3.08,19.5
3.58,1.7575,2.5,19.5
3.59,1.663,2.24,19.5
3.6,1.7876,2.13,19.5
3.61,1.5857,2.13,19.5
3.62,0.9285,2.13,19.5
3.63,0.3744,2.53,19.5
3.64,0.3683,2.88,19.5
3.65,0.3693,3.12,19.5
3.66,0.3703,3.18,19.5
3.67,0.3915,3.24,19.5
3.68,0.4903,3.31,19.5
3.69,0.4903,3.35,19.5
3.7,0.5333,3.31,19.5
3.71,0.7438,3.31,19.5
3.72,1.3623,3.31,19.5
3.73,1.7317,3.35,19.5
3.74,1.6544,3.43,19.5
3.75,1.7489,3.46,19.5
3.76,1.8434,3.45,19.5
3.77,1.8391,3.44,19.5
3.78,1.8735,3.42,19.5
3.79,1.6329,3.39,19.5
3.8,1.3924,3.33,19.5
3.81,1.5041,3.26,19.5
3.82,1.1561,3.18,19.5
3.83,0.9242,3.09,19.5
3.84,0.7824,3.04,19.5
3.85,0.7223,2.94,19.5
3.86,0.6922,2.64,19.5
3.87,0.6149,2.55,19.5
3.88,0.6106,2.49,19.5
3.89,0.5891,1.71,19.5
3.9,0.5505,1.21,19.5
3.91,0.529,1.11,19.5
3.92,0.5118,1,19.5
3.93,0.4774,1,19.5
3.94,0.4345,1,19.5
3.95,0.3829,1,19.5
3.96,0.34,1,19.5
3.97,0.3293,1,19.5
3.98,0.3185,1,19.5
3.99,0.3228,1,19.5
4,0.3142,1,19.5
4.01,0.312,1,19.5
4.02,0.3113,1,19.5
4.03,0.3128,1,19.5
4.04,0.3142,1,19.5
4.05,0.3228,1,19.5
4.06,0.3228,1,19.5
4.07,0.3271,1,19.5
4.08,0.3314,1,19.5
4.09,0.3335,1,19.5
4.1,0.3357,1,19.5
4.11,0.3357,1,19.5
4.12,0.3378,1,19.5
4.13,0.34,1,19.5
4.14,0.3701,1,19.5
4.15,0.3872,1,19.5
4.16,0.3615,1,19.5
4.17,0.3609,1,19.5
4.18,0.3604,1,19.5
4.19,0.3701,1,19.5
4.2,0.3529,1,19.5
4.21,0.3529,1,19.5
4.22,0.353,1,19.5
4.23,0.3534,1,19.5
4.24,0.3572,1,19.5
4.25,0.3915,1,19.5
4.26,0.4087,1,19.5
4.27,0.4195,1,19.5
4.28,0.4302,1,19.5
4.29,0.5419,1,19.5
4.3,0.7051,1,19.5
4.31,0.9328,1,19.5
4.32,1.2034,1,19.5
4.33,1.4783,1,19.5
4.34,1.7103,1,19.5
4.35,1.8735,1,19.5
4.36,1.9852,1,19.5
4.37,2.1484,1,19.5
4.38,2.2128,1,19.5
4.39,2.2687,1,19.5
4.4,2.3202,1,19.5
4.41,2.3761,1.11,19.5
4.42,2.4319,1.26,19.5
4.43,2.4835,1.37,19.5
4.44,2.5522,1.47,19.5
4.45,2.6252,1.57,19.5
4.46,2.7111,1.76,19.5
4.47,2.9001,1.92,19.5
4.48,3.0161,2.15,19.5
4.49,3.1622,2.32,19.5
4.5,3.334,2.54,19.5
4.51,3.5273,2.74,19.5
4.52,3.7506,3,19.5
4.53,3.974,3.23,19.5
4.54,4.206,3.55,19.5
4.55,4.425,4.02,19.5
4.56,4.6785,5.05,19.5
4.57,4.6398,5.64,19.5
4.58,4.5668,6.07,19.5
4.59,4.4852,6.55,19.5
4.6,4.3735,6.74,19.5
4.61,4.2017,6.96,19.5
4.62,3.9912,7.32,19.5
4.63,3.6862,7.7,19.5
4.64,3.0118,7.71,19.5
4.65,2.7541,7.7,19.5
4.66,2.7267,7.69,19.5
4.67,2.6993,7.62,19.5
4.68,2.7025,7.11,19.5
4.69,2.6553,6.57,19.5
4.7,2.5608,6.21,19.5
4.71,2.3804,5.87,19.5
4.72,2.1871,5.51,19.5
4.73,1.6673,4.87,19.5
4.74,1.6673,4.49,19.5
4.75,1.4311,4.15,19.5
4.76,1.3409,3.83,19.5
4.77,1.285,3.61,19.5
4.78,1.281,3.41,19.5
4.79,1.2805,3.13,19.5
4.8,1.2806,2.75,19.5
4.81,1.2807,2.55,19.5
4.82,1.285,2.39,19.5
4.83,1.285,2.26,19.5
4.84,1.3022,2.18,19.5
4.85,1.3108,2.18,19.5
4.86,1.3043,2.18,19.5
4.87,1.3065,2.19,19.5
4.88,1.3086,2.24,19.5
4.89,1.3194,2.36,19.5
4.9,1.3409,2.39,19.5
4.91,1.3666,2.39,19.5
4.92,1.3838,2.4,19.5
4.93,1.3881,2.44,19.5
4.94,1.4053,2.45,19.5
4.95,1.4311,2.46,19.5
4.96,1.4439,2.45,19.5
4.97,1.4396,2.45,19.5
4.98,1.3967,2.45,19.5
4.99,1.3623,2.44,19.5
5,1.3323,2.43,19.5
5.01,1.2979,2.47,19.5
5.02,1.2893,2.5,19.5
5.03,1.2807,2.56,19.5
5.04,1.2721,2.57,19.5
5.05,1.2592,2.59,19.5
5.06,1.267,2.6,19.5
5.07,1.2748,2.6,19.5
5.08,1.2925,2.68,19.5
5.09,1.3301,2.78,19.5
5.1,1.4053,2.89,19.5
5.11,1.4225,2.89,19.5
5.12,1.4053,2.89,19.5
5.13,1.3967,2.89,19.5
5.14,1.3838,2.89,19.5
5.15,1.3709,2.87,19.5
5.16,1.3752,2.83,19.5
5.17,1.358,2.78,19.5
5.18,1.2936,2.73,19.5
5.19,1.2292,2.66,19.5
5.2,1.1776,2.63,19.5
5.21,1.1175,2.64,19.5
5.22,1.1046,2.61,19.5
5.23,1.0874,2.52,19.5
5.24,1.0805,2.43,19.5
5.25,1.0817,2.28,19.5
5.26,1.083,2.19,19.5
5.27,1.0874,2.14,19.5
5.28,1.1132,2.13,19.5
5.29,1.1433,2.13,19.5
5.3,1.212,2.14,19.5
5.31,1.2421,2.15,19.5
5.32,1.2764,2.16,19.5
5.33,1.3108,2.16,19.5
5.34,1.3237,2.17,19.5
5.35,1.3409,2.17,19.5
5.36,1.3623,2.18,19.5
5.37,1.3924,2.23,19.5
5.38,1.4182,2.31,19.5
5.39,1.4611,2.38,19.5
5.4,1.4611,2.59,19.5
5.41,1.547,2.67,19.5
5.42,1.5986,2.68,19.5
5.43,1.6587,2.69,19.5
5.44,1.7189,2.69,19.5
5.45,1.7618,2.7,19.5
5.46,1.8262,2.7,19.5
5.47,1.8348,2.7,19.5
5.48,1.8649,2.71,19.5
5.49,1.895,2.71,19.5
5.5,1.9637,2.73,19.5
5.51,2.0067,2.76,19.5
5.52,2.0582,2.94,19.5
5.53,2.1012,3.15,19.5
5.54,2.1098,3.35,19.5
5.55,2.1012,3.59,19.5
5.56,2.0754,3.91,19.5
5.57,2.0324,4.01,19.5
5.58,1.9766,4.03,19.5
5.59,1.9165,4.03,19.5
5.6,1.9079,3.98,19.5
5.61,1.9036,3.93,19.5
5.62,1.8864,3.92,19.5
5.63,1.8778,3.94,19.5
5.64,1.8958,3.96,19.5
5.65,1.9139,4.19,19.5
5.66,1.9532,4.38,19.5
5.67,2.0324,5.33,19.5
5.68,2.1871,5.49,19.5
5.69,2.3804,5.73,19.5
5.7,2.6252,6.16,19.5
5.71,2.6982,6.17,19.5
5.72,2.7541,6.17,19.5
5.73,2.7584,6.17,19.5
5.74,2.8013,6.17,19.5
5.75,2.7841,6.18,19.5
5.76,2.8056,6.17,19.5
5.77,2.7584,6.17,19.5
5.78,2.7025,6.15,19.5
5.79,2.6037,5.98,19.5
5.8,2.5737,5.82,19.5
5.81,2.5737,5.82,19.5
5.82,2.5715,5.5,19.5
5.83,2.5694,5.2,19.5
5.84,2.6037,4.93,19.5
5.85,2.5049,4.87,19.5
5.86,2.4362,4.8,19.5
5.87,2.346,4.54,19.5
5.88,2.2902,4.38,19.5
5.89,2.273,4.18,19.5
5.9,2.2601,4.14,19.5
5.91,2.2558,4.03,19.5
5.92,2.2515,3.93,19.5
5.93,2.2773,3.84,19.5
5.94,2.2429,3.8,19.5
5.95,2.0797,3.68,19.5
5.96,2.0625,3.57,19.5
5.97,2.0453,3.38,19.5
5.98,2.0496,3.33,19.5
5.99,2.041,3.29,19.5
6,2.0152,3.29,19.5
6.01,2.0141,3.28,19.5
6.02,2.0141,3.27,19.5
6.03,2.0147,3.26,19.5
6.04,2.0152,3.25,19.5
6.05,2.0238,3.22,19.5
6.06,2.084,3.2,19.5
6.07,2.0883,3.18,19.5
6.08,2.157,3.18,19.5
6.09,2.1441,3.05,19.5
6.1,2.2043,2.97,19.5
6.11,2.2644,2.9,19.5
6.12,2.2043,2.77,19.5
6.13,2.1355,2.76,19.5
6.14,2.1098,2.75,19.5
6.15,2.0969,2.73,19.5
6.16,2.0539,2.6,19.5
6.17,1.9895,2.54,19.5
6.18,1.987,2.38,19.5
6.19,1.9861,2.31,19.5
6.2,2.0028,2.19,19.5
6.21,2.0195,2.24,19.5
6.22,2.1226,2.29,19.5
6.23,2.1699,2.41,19.5
6.24,2.2687,2.45,19.5
6.25,2.3761,3.26,19.5
6.26,2.5092,4.26,19.5
6.27,2.6467,5.45,19.5
6.28,2.7025,6.04,19.5
6.29,2.8787,6.01,19.5
6.3,3.6261,5.97,19.5
6.31,3.8409,5.73,19.5
6.32,4.2747,5.56,19.5
6.33,4.7429,5.54,19.5
6.34,4.5367,5.55,19.5
6.35,4.3091,5.55,19.5
6.36,3.4027,5.62,19.5
6.37,2.8744,5.74,19.5
6.38,2.7541,5.82,19.5
6.39,2.7673,5.86,19.5
6.4,2.7804,5.9,19.5
6.41,2.8325,5.98,19.5
6.42,2.9388,6.06,19.5
6.43,3.0333,6.26,19.5
6.44,3.145,6.48,19.5
6.45,3.2824,6.62,19.5
6.46,3.3726,7.03,19.5
6.47,3.3941,7.42,19.5
6.48,3.5015,7.9,19.5
6.49,3.6132,8.39,19.5
6.5,3.7163,8.68,19.5
6.51,3.8881,9.62,19.5
6.52,3.9482,10.23,19.5
6.53,4.0299,11.12,19.5
6.54,4.1372,12.03,19.5
6.55,4.279,12.87,19.5
6.56,4.4207,14.01,19.5
6.57,4.5883,15.02,19.5
6.58,4.7859,15.85,19.5
6.59,5.0049,17.11,19.5
6.6,5.2627,18.08,19.5
6.61,5.7309,19.48,19.5
6.62,5.8898,20.5,19.5
6.63,6.139,20.8,19.5
6.64,6.5685,22.26,19.5
6.65,6.8477,23.42,19.5
6.66,6.9637,24.9,19.5
6.67,7.0281,26.28,19.5
6.68,6.9938,27.54,19.5
6.69,7.1055,28.75,19.5
6.7,7.2,29.46,19.5
6.71,7.4233,30.31,19.5
6.72,7.608,30.64,19.5
6.73,7.6768,30.75,19.5
6.74,7.7111,30.94,19.5
6.75,7.724,31.39,19.5
6.76,7.7348,32.68,19.5
6.77,7.7455,33.33,19.5
6.78,7.7068,34.34,19.5
6.79,7.6896,35.81,19.5
6.8,7.6123,36.32,19.5
6.81,7.5994,37.04,19.5
6.82,7.5651,37.08,19.5
6.83,7.6896,37.48,19.5
6.84,7.5092,37.69,19.5
6.85,7.2988,37.87,19.5
6.86,6.9766,37.92,19.5
6.87,6.9723,37.76,19.5
6.88,6.972,37.59,19.5
6.89,6.9722,36.26,19.5
6.9,6.9723,36.26,19.5
6.91,6.9981,34.81,19.5
6.92,6.9809,33.99,19.5
6.93,6.7747,32.95,19.5
6.94,6.4354,32.93,19.5
6.95,6.2764,32.57,19.5
6.96,6.1518,32.03,19.5
6.97,6.1604,31.83,19.5
6.98,6.1591,31.67,19.5
6.99,6.1657,31.32,19.5
7,6.1723,31.02,19.5
7.01,6.2034,30.93,19.5
7.02,6.1776,30.85,19.5
7.03,6.1089,30.78,19.5
7.04,6.0896,30.43,19.5
7.05,6.0702,30,19.5
7.06,6.0402,29.56,19.5
7.07,5.718,29.14,19.5
7.08,5.6728,28.78,19.5
7.09,5.6522,28.36,19.5
7.1,5.655,27.97,19.5
7.11,5.6579,27.6,19.5
7.12,5.66,26.85,19.5
7.13,5.6622,26.78,19.5
7.14,5.675,26.79,19.5
7.15,5.7051,26.79,19.5
7.16,5.7266,26.84,19.5
7.17,5.7695,26.96,19.5
7.18,5.7867,27.07,19.5
7.19,5.7824,27.12,19.5
7.2,5.7824,27.82,19.5
7.21,5.7824,28.04,19.5
7.22,5.7867,28.29,19.5
7.23,5.718,28.57,19.5
7.24,5.6493,28.82,19.5
7.25,5.5805,28.92,19.5
7.26,5.529,29.2,19.5
7.27,5.4946,29.34,19.5
7.28,5.4903,29.39,19.5
7.29,5.4903,29.41,19.5
7.3,5.4689,29.42,19.5
7.31,5.4688,29.43,19.5
7.32,5.4689,29.45,19.5
7.33,5.4689,29.61,19.5
7.34,5.4689,29.67,19.5
7.35,5.4774,29.72,19.5
7.36,5.4388,29.76,19.5
7.37,5.4213,29.77,19.5
7.38,5.4143,29.78,19.5
7.39,5.4158,29.77,19.5
7.4,5.4173,29.77,19.5
7.41,5.4141,29.75,19.5
7.42,5.4135,29.69,19.5
7.43,5.413,29.43,19.5
7.44,5.4173,29.25,19.5
7.45,5.4001,29.01,19.5
7.46,5.3486,28.66,19.5
7.47,5.224,28,19.5
7.48,5.1123,27.29,19.5
7.49,4.9921,25.78,19.5
7.5,4.8933,25.41,19.5
7.51,4.7902,24.98,19.5
7.52,4.7214,24.6,19.5
7.53,4.6656,24.23,19.5
7.54,4.6484,23.79,19.5
7.55,4.6389,23.44,19.5
7.56,4.6364,23.4,19.5
7.57,4.6402,23.42,19.5
7.58,4.6441,23.43,19.5
7.59,4.7257,23.47,19.5
7.6,4.7515,23.54,19.5
7.61,4.8116,23.7,19.5
7.62,4.8503,24.1,19.5
7.63,4.8847,24.96,19.5
7.64,4.9147,25.49,19.5
7.65,4.962,26.08,19.5
7.66,5.0221,26.22,19.5
7.67,5.0479,26.17,19.5
7.68,5.0608,26.45,19.5
7.69,5.0092,26.59,19.5
7.7,4.8761,26.54,19.5
7.71,4.7472,26.48,19.5
7.72,4.6312,26.36,19.5
7.73,4.5152,25.85,19.5
7.74,4.4079,25.32,19.5
7.75,4.279,25.03,19.5
7.76,4.2017,24.78,19.5
7.77,4.1458,23.36,19.5
7.78,4.1242,22.65,19.5
7.79,4.1175,21.77,19.5
7.8,4.1231,21.19,19.5
7.81,4.1287,20.9,19.5
7.82,4.2103,20.95,19.5
7.83,4.2403,20.75,19.5
7.84,4.2618,20.45,19.5
7.85,4.2446,20.3,19.5
7.86,4.3177,20.24,19.5
7.87,4.7085,19.41,19.5
7.88,4.8976,18.53,19.5
7.89,5.1639,17.65,19.5
7.9,5.4345,16.84,19.5
7.91,5.5762,16.8,19.5
7.92,5.6665,16.82,19.5
7.93,5.8683,16.85,19.5
7.94,6.0874,17.11,19.5
7.95,6.3022,18.02,19.5
7.96,6.9036,18.65,19.5
7.97,7.4792,19.27,19.5
7.98,8.2438,19.14,19.5
7.99,8.9482,19.75,19.5
8,9.5926,19.77,19.5
8.01,10.0178,19.77,19.5
8.02,10.1942,19.76,19.5
8.03,10.048,18.64,19.5
8.04,8.8494,18.03,19.5
8.05,7.9474,17.42,19.5
8.06,7.0711,16.69,19.5
8.07,6.4912,15.8,19.5
8.08,6.2893,14.55,19.5
8.09,6.1347,12.36,19.5
8.1,5.9285,11.55,19.5
8.11,5.9371,11.02,19.5
8.12,5.5462,10.75,19.5
8.13,5.2283,9.9,19.5
8.14,4.9448,9.91,19.5
8.15,4.7429,9.92,19.5
8.16,4.7246,9.98,19.5
8.17,4.7594,10.53,19.5
8.18,4.7942,12.14,19.5
8.19,4.8718,12.14,19.5
8.2,4.9319,13.15,19.5
8.21,4.9963,14.29,19.5
8.22,5.0307,15.65,19.5
8.23,5.1596,17.12,19.5
8.24,5.2584,18.56,19.5
8.25,5.3271,19.65,19.5
8.26,5.3486,20.94,19.5
8.27,5.3357,22.18,19.5
8.28,5.4388,23.32,19.5
8.29,5.5204,24.88,19.5
8.3,5.5505,28.22,19.5
8.31,5.6235,29.78,19.5
8.32,5.675,31.11,19.5
8.33,5.7309,31.92,19.5
8.34,5.8082,32.63,19.5
8.35,5.8984,33.63,19.5
8.36,5.9714,34.6,19.5
8.37,6.096,35.71,19.5
8.38,6.1089,36.53,19.5
8.39,6.1347,36.59,19.5
8.4,6.139,36.85,19.5
8.41,6.1776,37.12,19.5
8.42,6.2163,38.01,19.5
8.43,6.2506,38.97,19.5
8.44,6.2936,39.13,19.5
8.45,6.2893,39.02,19.5
8.46,6.2909,38.92,19.5
8.47,6.2925,38.79,19.5
8.48,6.3086,38.74,19.5
8.49,6.401,38.72,19.5
8.5,6.4955,39.14,19.5
8.51,6.5256,39.55,19.5
8.52,6.4912,39.75,19.5
8.53,6.4568,39.78,19.5
8.54,6.4439,39.81,19.5
8.55,6.446,39.85,19.5
8.56,6.4481,39.88,19.5
8.57,6.4525,40.15,19.5
8.58,6.5857,40.26,19.5
8.59,6.852,40.28,19.5
8.6,7.0582,40.29,19.5
8.61,7.1441,40.14,19.5
8.62,7.0195,39.99,19.5
8.63,7.0002,39.56,19.5
8.64,6.9809,39,19.5
8.65,7.0067,38.44,19.5
8.66,6.9293,37.23,19.5
8.67,6.7103,36.27,19.5
8.68,6.4053,36.17,19.5
8.69,6.1948,35.51,19.5
8.7,6.0273,34.93,19.5
8.71,5.9798,34.43,19.5
8.72,5.999,33.88,19.5
8.73,6.0183,33.7,19.5
8.74,6.0616,33.08,19.5
8.75,6.2077,31.48,19.5
8.76,6.1218,31.35,19.5
8.77,6.0187,31.33,19.5
8.78,5.9999,31.46,19.5
8.79,5.9964,31.6,19.5
8.8,5.9929,32.09,19.5
8.81,5.9932,32.65,19.5
8.82,5.9935,32.79,19.5
8.83,6.0015,32.85,19.5
8.84,6.0874,32.91,19.5
8.85,6.1733,32.92,19.5
8.86,5.9972,32.94,19.5
8.87,5.8555,32.93,19.5
8.88,5.834,32.92,19.5
8.89,5.7051,32.88,19.5
8.9,5.5762,32.8,19.5
8.91,5.4946,32.68,19.5
8.92,5.3829,32.57,19.5
8.93,5.3056,32.49,19.5
8.94,5.2283,32.4,19.5
8.95,5.1768,31.52,19.5
8.96,5.1639,30,19.5
8.97,5.1338,29.49,19.5
8.98,5.1153,29.18,19.5
8.99,5.1135,29.19,19.5
9,5.1151,29.19,19.5
9.01,5.1166,29.22,19.5
9.02,5.1209,29.99,19.5
9.03,5.097,30.96,19.5
9.04,5.094,30.96,19.5
9.05,5.091,31.05,19.5
9.06,5.0951,31.12,19.5
9.07,5.0909,31.15,19.5
9.08,5.0823,31.17,19.5
9.09,5.0651,31.17,19.5
9.1,5.0436,31.15,19.5
9.11,5.078,31.14,19.5
9.12,5.0264,31.14,19.5
9.13,5.0186,31.15,19.5
9.14,5.0219,31.18,19.5
9.15,5.0253,31.27,19.5
9.16,5.0651,31.73,19.5
9.17,5.1424,31.76,19.5
9.18,5.1424,31.74,19.5
9.19,5.1596,31.72,19.5
9.2,5.1768,31.55,19.5
9.21,5.2197,30.4,19.5
9.22,5.3529,29.97,19.5
9.23,5.3228,29.5,19.5
9.24,5.2455,29.14,19.5
9.25,5.0135,28.75,19.5
9.26,4.8202,28.31,19.5
9.27,4.6914,28.46,19.5
9.28,4.6527,28.61,19.5
9.29,4.6542,28.92,19.5
9.3,4.6557,29.56,19.5
9.31,4.6728,29.55,19.5
9.32,4.7128,29.54,19.5
9.33,4.9061,29.5,19.5
9.34,5.2025,29.47,19.5
9.35,5.4946,29.44,19.5
9.36,5.9929,29.36,19.5
9.37,6.2163,29.28,19.5
9.38,6.1175,29.31,19.5
9.39,5.8726,29.34,19.5
9.4,5.5419,29.44,19.5
9.41,5.5384,29.99,19.5
9.42,5.538,30.08,19.5
9.43,5.5593,30.05,19.5
9.44,5.5805,30.01,19.5
9.45,5.5827,29.93,19.5
9.46,5.5848,28.75,19.5
9.47,5.6665,26.29,19.5
9.48,5.5505,25.03,19.5
9.49,5.1295,24.45,19.5
9.5,4.6742,23.08,19.5
9.51,4.4293,22.45,19.5
9.52,4.163,21.85,19.5
9.53,4.0513,21.18,19.5
9.54,4.0041,20.61,19.5
9.55,3.9354,19.99,19.5
9.56,3.8709,19.43,19.5
9.57,3.8323,18.64,19.5
9.58,3.8315,16.26,19.5
9.59,3.8333,15.41,19.5
9.6,3.8351,14.9,19.5
9.61,3.8451,14.49,19.5
9.62,3.8709,14.13,19.5
9.63,3.9311,13.73,19.5
9.64,3.9869,13.47,19.5
9.65,4.0342,13.37,19.5
9.66,4.09,13.35,19.5
9.67,4.1415,13.35,19.5
9.68,4.2446,13.5,19.5
9.69,4.3005,13.65,19.5
9.7,4.3477,13.97,19.5
9.71,4.4293,14.41,19.5
9.72,4.4809,14.77,19.5
9.73,4.541,15.25,19.5
9.74,4.5711,15.71,19.5
9.75,4.6012,16,19.5
9.76,4.6098,16.34,19.5
9.77,4.6484,16.51,19.5
9.78,4.7128,16.79,19.5
9.79,4.7816,17.12,19.5
9.8,4.7988,17.47,19.5
9.81,4.788,18.19,19.5
9.82,4.7867,18.78,19.5
9.83,4.796,18.97,19.5
9.84,4.8054,19.01,19.5
9.85,4.8245,19.02,19.5
9.86,4.8589,18.91,19.5
9.87,4.8417,18.8,19.5
9.88,4.8202,18.41,19.5
9.89,4.7687,17.77,19.5
9.9,4.7128,17.18,19.5
9.91,4.614,16.76,19.5
9.92,4.5024,16.51,19.5
9.93,4.352,16.39,19.5
9.94,4.2232,16.24,19.5
9.95,4.0986,15.95,19.5
9.96,3.9568,15.69,19.5
9.97,3.8602,15.07,19.5
9.98,3.8417,14.63,19.5
9.99,3.837,13.65,19.5
10,3.8323,13.13,19.5
10.01,3.8494,12.87,19.5
10.02,3.8022,12.63,19.5
10.03,3.7378,12.43,19.5
10.04,3.6518,12.23,19.5
10.05,3.5573,12.19,19.5
10.06,3.4714,12.05,19.5
10.07,3.334,11.84,19.5
10.08,3.3189,11.65,19.5
10.09,3.3181,11.45,19.5
10.1,3.3196,11.32,19.5
10.11,3.3211,11.15,19.5
10.12,3.3211,10.94,19.5
10.13,3.3426,10.66,19.5
10.14,3.334,10.39,19.5
10.15,3.3211,9.98,19.5
10.16,3.2867,9.25,19.5
10.17,3.2695,8.85,19.5
10.18,3.2695,8.51,19.5
10.19,3.2689,8.26,19.5
10.2,3.2689,7.97,19.5
10.21,3.269,7.65,19.5
10.22,3.2717,7.67,19.5
10.23,3.2781,7.69,19.5
10.24,3.2953,7.76,19.5
10.25,3.3512,7.95,19.5
10.26,3.4628,8.3,19.5
10.27,3.5273,8.31,19.5
10.28,3.5702,8.44,19.5
10.29,3.6261,8.57,19.5
10.3,3.6905,9.53,19.5
10.31,3.785,11.4,19.5
10.32,3.8795,12.63,19.5
10.33,3.9654,13.31,19.5
10.34,4.0127,13.87,19.5
10.35,4.1029,14.25,19.5
10.36,4.7687,14.74,19.5
10.37,5.0737,15.14,19.5
10.38,5.0436,15.88,19.5
10.39,4.5926,16.37,19.5
10.4,4.2575,16.46,19.5
10.41,4.0642,16.47,19.5
10.42,4.0084,16.45,19.5
10.43,3.9928,16.42,19.5
10.44,3.9772,16.35,19.5
10.45,3.9783,16.22,19.5
10.46,3.9568,15.78,19.5
10.47,3.9354,14.98,19.5
10.48,3.8967,13.95,19.5
10.49,3.8494,13.44,19.5
10.5,3.8323,12.9,19.5
10.51,3.8065,12.53,19.5
10.52,3.7378,12.12,19.5
10.53,3.6776,11.83,19.5
10.54,3.639,11.62,19.5
10.55,3.5659,11.33,19.5
10.56,3.5531,10.87,19.5
10.57,3.5058,10.72,19.5
10.58,3.4671,10.61,19.5
10.59,3.4199,10.37,19.5
10.6,3.3941,10.14,19.5
10.61,3.3726,10.04,19.5
10.62,3.364,10,19.5
10.63,3.291,9.74,19.5
10.64,3.2738,9.24,19.5
10.65,3.2438,8.74,19.5
10.66,3.218,8.57,19.5
10.67,3.1965,8.55,19.5
10.68,3.1964,8.57,19.5
10.69,3.1964,8.58,19.5
10.7,3.1965,8.67,19.5
10.71,3.2266,13.23,19.5
10.72,3.291,13.51,19.5
10.73,3.5359,15.73,19.5
10.74,4.7988,16.38,19.5
10.75,5.5118,17.38,19.5
10.76,5.8125,18.12,19.5
10.77,6.0015,18.53,19.5
10.78,5.9199,18.63,19.5
10.79,5.5977,18.97,19.5
10.8,5.4603,19.23,19.5
10.81,4.7644,19.27,19.5
10.82,4.7558,19.34,19.5
10.83,4.0857,19.36,19.5
10.84,3.974,19.36,19.5
10.85,3.6776,19.31,19.5
10.86,3.5488,19.26,19.5
10.87,3.4843,18.92,19.5
10.88,3.4081,16.58,19.5
10.89,3.3732,16.2,19.5
10.9,3.3643,15.26,19.5
10.91,3.3792,13.7,19.5
10.92,3.3941,13.33,19.5
10.93,3.45,11.72,19.5
10.94,3.5316,11.3,19.5
10.95,3.6433,11.02,19.5
10.96,3.7764,10.97,19.5
10.97,3.8752,10.99,19.5
10.98,3.9053,11.02,19.5
10.99,3.9783,11.09,19.5
11,4.0728,11.81,19.5
11.01,4.2103,12.78,19.5
11.02,4.2103,13.38,19.5
11.03,4.3434,13.64,19.5
11.04,4.3993,14.07,19.5
11.05,4.4551,14.38,19.5
11.06,4.4981,15.28,19.5
11.07,4.5367,15.68,19.5
11.08,4.5668,16.22,19.5
11.09,4.6398,17.06,19.5
11.1,4.6978,17.16,19.5
11.11,4.7558,17.25,19.5
11.12,4.8031,17.27,19.5
11.13,4.8417,17.94,19.5
11.14,4.9147,18.68,19.5
11.15,4.9878,20.29,19.5
11.16,5.035,20.72,19.5
11.17,5.108,21.11,19.5
11.18,5.1768,21.24,19.5
11.19,5.2326,21.37,19.5
11.2,5.3013,21.73,19.5
11.21,5.4345,21.84,19.5
11.22,5.3829,21.86,19.5
11.23,5.3242,21.88,19.5
11.24,5.2961,21.91,19.5
11.25,5.3039,22.36,19.5
11.26,5.3118,23.34,19.5
11.27,5.3314,23.79,19.5
11.28,5.3357,23.98,19.5
11.29,5.3701,24.02,19.5
11.3,5.3658,24.05,19.5
11.31,5.4001,24.05,19.5
11.32,5.5032,24.06,19.5
11.33,5.7738,24.06,19.5
11.34,5.8168,24.12,19.5
11.35,5.834,24.32,19.5
11.36,5.8898,24.35,19.5
11.37,5.9628,24.52,19.5
11.38,6.0015,24.58,19.5
11.39,6.0101,24.61,19.5
11.4,6.0616,24.62,19.5
11.41,6.0616,24.55,19.5
11.42,6.0573,24.48,19.5
11.43,5.9414,23.77,19.5
11.44,5.8555,23.37,19.5
11.45,5.7266,23.04,19.5
11.46,5.6364,22.79,19.5
11.47,5.5634,22.55,19.5
11.48,5.5654,22.16,19.5
11.49,5.5673,21.48,19.5
11.5,5.595,21.07,19.5
11.51,5.6536,21.03,19.5
11.52,5.7738,20.86,19.5
11.53,5.9757,20.59,19.5
11.54,6.0402,19.43,19.5
11.55,6.0659,18.93,19.5
11.56,6.1132,18.84,19.5
11.57,6.2034,18.79,19.5
11.58,6.3451,18.83,19.5
11.59,6.5384,18.87,19.5
11.6,6.6802,19.14,19.5
11.61,6.736,19.51,19.5
11.62,6.9594,19.94,19.5
11.63,7.1484,21.19,19.5
11.64,7.4061,21.58,19.5
11.65,7.6725,21.91,19.5
11.66,7.8915,22.24,19.5
11.67,8.145,22.12,19.5
11.68,8.3039,22.26,19.5
11.69,8.4371,22.4,19.5
11.7,8.5659,22.81,19.5
11.71,9.0127,25.66,19.5
11.72,9.3177,27.04,19.5
11.73,9.6484,28.86,19.5
11.74,9.9276,29.07,19.5
11.75,10.1082,29.57,19.5
11.76,10.306,30.73,19.5
11.77,10.5512,31.39,19.5
11.78,10.934,32.18,19.5
11.79,11.2394,33.35,19.5
11.8,11.3211,37.34,19.5
11.81,11.291,37.34,19.5
11.82,11.2853,38.84,19.5
11.83,11.2839,42.45,19.5
11.84,11.2824,44.3,19.5
11.85,11.3469,45.28,19.5
11.86,11.2523,46,19.5
11.87,11.1705,46.06,19.5
11.88,11.1619,46.04,19.5
11.89,10.934,46.01,19.5
11.9,10.6243,45.95,19.5
11.91,10.6273,45.82,19.5
11.92,10.6304,45.59,19.5
11.93,10.6372,45.36,19.5
11.94,10.8092,44.5,19.5
11.95,10.9856,44.34,19.5
11.96,10.9985,43.78,19.5
11.97,11.0372,43.45,19.5
11.98,11.0092,43.29,19.5
11.99,11.049,43.38,19.5
12,11.0888,43.47,19.5
12.01,11.1533,44.39,19.5
12.02,11.02,46.92,19.5
12.03,10.9641,48.6,19.5
12.04,10.9039,50.26,19.5
12.05,10.5813,50.63,19.5
12.06,10.6157,50.6,19.5
12.07,10.392,50.58,19.5
12.08,10.2372,50.45,19.5
12.09,10.1469,50.1,19.5
12.1,10.0566,49.58,19.5
12.11,10.1039,49.8,19.5
12.12,10.0308,48.48,19.5
12.13,9.7558,46.72,19.5
12.14,9.3735,45.2,19.5
12.15,9.3166,45.13,19.5
12.16,9.2597,44.11,19.5
12.17,9.3563,43.59,19.5
12.18,9.1201,43.07,19.5
12.19,8.4886,43.01,19.5
12.2,8.0934,41.83,19.5
12.21,7.9001,40.46,19.5
12.22,7.8677,39.96,19.5
12.23,7.8517,39.15,19.5
12.24,7.8357,37.78,19.5
12.25,7.8615,36.89,19.5
12.26,7.4276,36.41,19.5
12.27,7.0539,33.79,19.5
12.28,6.1261,32.47,19.5
12.29,6.1046,31.18,19.5
12.3,6.0316,30.05,19.5
12.31,5.8297,29.02,19.5
12.32,5.7352,27.6,19.5
12.33,5.733,26.54,19.5
12.34,5.7369,24.63,19.5
12.35,5.7408,22.93,19.5
12.36,5.7508,22.15,19.5
12.37,5.7824,22.32,19.5
12.38,5.9328,21.19,19.5
12.39,5.9972,21.09,19.5
12.4,6.0917,20.98,19.5
12.41,6.1003,20.94,19.5
12.42,6.2678,20.93,19.5
12.43,6.4654,21.03,19.5
12.44,6.3022,21.13,19.5
12.45,5.6965,21.6,19.5
12.46,5.6326,22.83,19.5
12.47,5.6034,23.1,19.5
12.48,5.6039,23.22,19.5
12.49,5.6045,23.21,19.5
12.5,5.6106,23.21,19.5
12.51,5.6278,23.17,19.5
12.52,5.645,23.03,19.5
12.53,5.529,22.97,19.5
12.54,5.4388,23.03,19.5
12.55,5.4388,23.1,19.5
12.56,5.3787,23.32,19.5
12.57,5.3829,23.43,19.5
12.58,5.366,23.42,19.5
12.59,5.3639,23.4,19.5
12.6,5.3649,23.34,19.5
12.61,5.3658,23.04,19.5
12.62,5.4173,23,19.5
12.63,5.4173,22.95,19.5
12.64,5.4001,22.91,19.5
12.65,5.3894,22.89,19.5
12.66,5.3787,22.89,19.5
12.67,5.3701,23,19.5
12.68,5.297,23.11,19.5
12.69,5.2369,23.24,19.5
12.7,5.2111,23.36,19.5
12.71,5.1896,23.37,19.5
12.72,5.1381,23.38,19.5
12.73,5.1188,23.56,19.5
12.74,5.1091,24.16,19.5
12.75,5.1082,24.35,19.5
12.76,5.1072,24.52,19.5
12.77,5.108,24.69,19.5
12.78,5.1037,24.7,19.5
12.79,5.0522,24.72,19.5
12.8,5.0221,24.99,19.5
12.81,5.1811,25.67,19.5
12.82,5.0939,26.07,19.5
12.83,5.0511,26.09,19.5
12.84,5.0323,26.1,19.5
12.85,5.0401,26.32,19.5
12.86,5.0479,26.48,19.5
12.87,5.1467,26.72,19.5
12.88,5.2025,27.11,19.5
12.89,5.224,27.08,19.5
12.9,5.2111,27.24,19.5
12.91,5.1639,27.44,19.5
12.92,5.1682,27.7,19.5
12.93,5.1166,28.02,19.5
12.94,5.1145,28.4,19.5
12.95,5.1123,28.69,19.5
12.96,5.1123,28.86,19.5
12.97,5.0909,28.9,19.5
12.98,5.0522,28.9,19.5
12.99,4.9749,28.89,19.5
13,4.9061,28.87,19.5
13.01,4.8503,28.76,19.5
13.02,4.7386,28.12,19.5
13.03,4.6828,27.52,19.5
13.04,4.6355,27.04,19.5
13.05,4.6012,26.55,19.5
13.06,4.5281,26.25,19.5
13.07,4.468,24.64,19.5
13.08,4.4508,23.63,19.5
13.09,4.45,22.56,19.5
13.1,4.454,21.64,19.5
13.11,4.4579,20.88,19.5
13.12,4.4766,20.06,19.5
13.13,4.4981,19.54,19.5
13.14,4.5067,19.17,19.5
13.15,4.5024,19.14,19.5
13.16,4.486,19.15,19.5
13.17,4.4904,19.17,19.5
13.18,4.4948,19.31,19.5
13.19,4.5067,19.67,19.5
13.2,4.5324,20.08,19.5
13.21,4.5582,20.35,19.5
13.22,4.5625,20.41,19.5
13.23,4.5754,20.9,19.5
13.24,4.6055,21.41,19.5
13.25,4.657,21.99,19.5
13.26,4.6699,22.28,19.5
13.27,4.6914,22.63,19.5
13.28,4.7171,22.82,19.5
13.29,4.7472,23.46,19.5
13.3,4.7687,24.32,19.5
13.31,4.773,24.89,19.5
13.32,4.7902,24.93,19.5
13.33,4.7829,24.99,19.5
13.34,4.7879,25.04,19.5
13.35,4.7929,25.25,19.5
13.36,4.8031,25.61,19.5
13.37,4.8245,25.86,19.5
13.38,4.846,25.99,19.5
13.39,4.7945,26.17,19.5
13.4,4.7561,26.44,19.5
13.41,4.7372,26.79,19.5
13.42,4.7388,27.15,19.5
13.43,4.7404,27.65,19.5
13.44,4.7472,27.87,19.5
13.45,4.7429,27.88,19.5
13.46,4.73,27.89,19.5
13.47,4.7128,27.89,19.5
13.48,4.7127,27.89,19.5
13.49,4.7128,27.89,19.5
13.5,4.7128,27.84,19.5
13.51,4.7214,27.79,19.5
13.52,4.7343,27.7,19.5
13.53,4.7343,27.6,19.5
13.54,4.7472,27.47,19.5
13.55,4.7644,27.11,19.5
13.56,4.7816,26.8,19.5
13.57,4.7859,26.48,19.5
13.58,4.8202,26.32,19.5
13.59,4.8503,26.16,19.5
13.6,4.8718,26.13,19.5
13.61,4.8718,26.12,19.5
13.62,4.889,26.22,19.5
13.63,4.889,26.31,19.5
13.64,4.8997,26.62,19.5
13.65,4.9104,26.89,19.5
13.66,4.9362,27.47,19.5
13.67,4.9835,28.2,19.5
13.68,5.0221,28.33,19.5
13.69,5.0522,28.38,19.5
13.7,5.0737,28.44,19.5
13.71,5.078,28.39,19.5
13.72,5.078,28.57,19.5
13.73,5.0737,29.1,19.5
13.74,5.0823,29.08,19.5
13.75,5.0565,29.21,19.5
13.76,4.9835,29.56,19.5
13.77,4.8976,29.86,19.5
13.78,4.8847,29.99,19.5
13.79,4.882,30,19.5
13.8,4.8812,30,19.5
13.81,4.8804,30,19.5
13.82,4.9104,29.94,19.5
13.83,4.8718,29.74,19.5
13.84,4.8804,29.53,19.5
13.85,4.8632,29.24,19.5
13.86,4.8073,29.12,19.5
13.87,4.7429,29.01,19.5
13.88,4.7043,29.02,19.5
13.89,4.6699,28.81,19.5
13.9,4.6226,28.6,19.5
13.91,4.5582,27.82,19.5
13.92,4.4551,26.76,19.5
13.93,4.4548,24.77,19.5
13.94,4.4549,24.05,19.5
13.95,4.4551,23.83,19.5
13.96,4.4809,23.79,19.5
13.97,4.468,24.02,19.5
13.98,4.4339,24.26,19.5
13.99,4.4171,24.48,19.5
14,4.4125,24.45,19.5
14.01,4.4359,24.51,19.5
14.02,4.4594,24.54,19.5
14.03,4.5281,24.54,19.5
14.04,4.5711,24.55,19.5
14.05,4.5926,24.56,19.5
14.06,4.5625,24.56,19.5
14.07,4.5238,24.71,19.5
14.08,4.4852,25.24,19.5
14.09,4.4847,26.08,19.5
14.1,4.4849,26.16,19.5
14.11,4.4852,26.27,19.5
14.12,4.5625,26.42,19.5
14.13,4.657,26.71,19.5
14.14,4.7429,27.1,19.5
14.15,4.8031,27.44,19.5
14.16,4.8847,27.84,19.5
14.17,4.9276,27.91,19.5
14.18,4.9319,27.92,19.5
14.19,4.9448,27.83,19.5
14.2,5.078,27.73,19.5
14.21,5.1553,27.32,19.5
14.22,5.2197,27.09,19.5
14.23,5.2799,26.61,19.5
14.24,5.3056,26.43,19.5
14.25,5.34,26.06,19.5
14.26,5.3271,25.99,19.5
14.27,5.3185,25.92,19.5
14.28,5.297,25.47,19.5
14.29,5.2605,24.92,19.5
14.3,5.2466,24.3,19.5
14.31,5.2326,23.08,19.5
14.32,5.2283,22.64,19.5
14.33,5.1982,22.36,19.5
14.34,5.1596,22,19.5
14.35,5.1166,21.84,19.5
14.36,5.035,21.59,19.5
14.37,4.9577,21.52,19.5
14.38,4.9341,21.53,19.5
14.39,4.9104,21.21,19.5
14.4,4.9104,20.98,19.5
14.41,4.9061,20.72,19.5
14.42,4.8933,20.25,19.5
14.43,4.8761,19.89,19.5
14.44,4.8933,19.7,19.5
14.45,4.8718,19.69,19.5
14.46,4.8761,19.69,19.5
14.47,4.8589,19.77,19.5
14.48,4.8503,19.84,19.5
14.49,4.8343,19.81,19.5
14.5,4.8276,20.63,19.5
14.51,4.8282,21.53,19.5
14.52,4.8288,21.97,19.5
14.53,4.8589,22.04,19.5
14.54,4.9147,21.99,19.5
14.55,4.9362,21.94,19.5
14.56,4.9018,21.81,19.5
14.57,4.8632,21.75,19.5
14.58,4.8804,21.74,19.5
14.59,4.8288,21.76,19.5
14.6,4.7859,21.79,19.5
14.61,4.7171,21.84,19.5
14.62,4.7293,22.01,19.5
14.63,4.7415,22.13,19.5
14.64,4.781,22.22,19.5
14.65,4.8632,22.3,19.5
14.66,4.9405,22.3,19.5
14.67,4.9448,22.64,19.5
14.68,4.962,22.91,19.5
14.69,4.9792,23.18,19.5
14.7,4.9749,23.18,19.5
14.71,4.9061,23.17,19.5
14.72,4.8374,23.17,19.5
14.73,4.8288,23.15,19.5
14.74,4.8245,23.13,19.5
14.75,4.8202,23.11,19.5
14.76,4.8589,23.08,19.5
14.77,4.6398,23.06,19.5
14.78,4.5195,22.92,19.5
14.79,4.4616,22.49,19.5
14.8,4.4482,22.28,19.5
14.81,4.442,22.12,19.5
14.82,4.4464,21.97,19.5
14.83,4.4508,22.02,19.5
14.84,4.4422,21.66,19.5
14.85,4.4079,21.32,19.5
14.86,4.395,20.95,19.5
14.87,4.3305,20.87,19.5
14.88,4.2661,20.8,19.5
14.89,4.3391,20.79,19.5
14.9,4.206,20.76,19.5
14.91,4.0857,20.52,19.5
14.92,4.0556,20.29,19.5
14.93,3.9826,19.96,19.5
14.94,3.9354,19.68,19.5
14.95,3.8817,19.54,19.5
14.96,3.8591,19.3,19.5
14.97,3.8366,18.71,19.5
14.98,3.858,18.86,19.5
14.99,3.8108,18.7,19.5
15,3.7936,18.55,19.5
15.01,3.7893,18.28,19.5
15.02,3.7893,18.16,19.5
15.03,3.7506,17.06,19.5
15.04,3.6991,16.67,19.5
15.05,3.698,16.03,19.5
15.06,3.7007,15.53,19.5
15.07,3.7034,15.26,19.5
15.08,3.7249,15.05,19.5
15.09,3.7678,14.63,19.5
15.1,3.8666,14.02,19.5
15.11,3.8881,13.56,19.5
15.12,3.8967,13.13,19.5
15.13,4.0513,12.43,19.5
15.14,4.1244,12.19,19.5
15.15,4.1931,12.09,19.5
15.16,4.2575,12.05,19.5
15.17,4.3134,11.99,19.5
15.18,4.3735,12.01,19.5
15.19,4.4895,12.03,19.5
15.2,4.6312,12.08,19.5
15.21,4.8632,12.76,19.5
15.22,4.9835,14.38,19.5
15.23,5.0951,15.15,19.5
15.24,5.1896,16.04,19.5
15.25,5.2713,16.94,19.5
15.26,5.3787,17.49,19.5
15.27,5.4989,18.1,19.5
15.28,5.602,18.86,19.5
15.29,5.761,19.74,19.5
15.3,5.7524,20.75,19.5
15.31,5.7567,22.68,19.5
15.32,5.7567,23.46,19.5
15.33,5.761,23.68,19.5
15.34,5.7597,23.84,19.5
15.35,5.7624,24.23,19.5
15.36,5.7652,24.32,19.5
15.37,5.8125,24.7,19.5
15.38,5.8769,25.15,19.5
15.39,5.9113,25.64,19.5
15.4,5.8984,26.06,19.5
15.41,5.9021,26.4,19.5
15.42,5.9057,26.5,19.5
15.43,5.9156,26.51,19.5
15.44,5.9886,26.43,19.5
15.45,6.0273,26.34,19.5
15.46,6.0788,26.2,19.5
15.47,6.1132,26.2,19.5
15.48,6.1948,26.22,19.5
15.49,6.3666,26.25,19.5
15.5,6.4783,27.79,19.5
15.51,6.5943,27.85,19.5
15.52,6.7317,27.86,19.5
15.53,6.9079,27.85,19.5
15.54,7.2085,27.84,19.5
15.55,7.5823,27.84,19.5
15.56,7.9646,28.01,19.5
15.57,8.364,28.17,19.5
15.58,9.1845,28.75,19.5
15.59,9.5453,30.22,19.5
15.6,9.8632,31.08,19.5
15.61,10.1641,31.65,19.5
15.62,10.4093,32.64,19.5
15.63,10.6458,33.68,19.5
15.64,10.7275,34.59,19.5
15.65,10.8006,35.4,19.5
15.66,10.7576,36.73,19.5
15.67,10.6974,38.48,19.5
15.68,10.6845,39.83,19.5
15.69,10.6071,41.11,19.5
15.7,10.5598,43.82,19.5
15.71,10.5383,43.8,19.5
15.72,10.5426,43.78,19.5
15.73,10.5469,43.71,19.5
15.74,10.5641,43.52,19.5
15.75,10.7705,43.44,19.5
15.76,10.9297,43.55,19.5
15.77,11.1318,43.66,19.5
15.78,11.1705,46.08,19.5
15.79,11.6222,49,19.5
15.8,11.377,49.59,19.5
15.81,11.4974,51.93,19.5
15.82,12.1512,54.75,19.5
15.83,12.6243,56.99,19.5
15.84,13.6781,58.25,19.5
15.85,14.2888,60.49,19.5
15.86,15.1103,61.88,19.5
15.87,16.4867,62.63,19.5
15.88,16.3662,62.67,19.5
15.89,16.1899,62.71,19.5
15.9,15.906,62.71,19.5
15.91,15.3168,62.72,19.5
15.92,13.8587,63.45,19.5
15.93,12.8695,63.8,19.5
15.94,11.9662,63.77,19.5
15.95,11.7495,63.74,19.5
15.96,11.7875,63.64,19.5
15.97,11.8255,63.38,19.5
15.98,12.0007,63.25,19.5
15.99,13.592,63.13,19.5
16,12.6587,59.41,19.5
16.01,12.6809,59.23,19.5
16.02,12.703,59.1,19.5
16.03,12.7533,59.07,19.5
16.04,13.5404,59.03,19.5
16.05,13.8544,58.95,19.5
16.06,12.934,58.86,19.5
16.07,12.5125,58.59,19.5
16.08,11.6394,57.19,19.5
16.09,11.5103,54.66,19.5
16.1,10.9727,52.42,19.5
16.11,10.6845,50.36,19.5
16.12,10.3619,50.12,19.5
16.13,9.846,47.14,19.5
16.14,9.3048,45.62,19.5
16.15,9.2127,43.73,19.5
16.16,9.1206,40.48,19.5
16.17,9.1329,37.85,19.5
16.18,8.9869,36.04,19.5
16.19,8.6304,33.85,19.5
16.2,8.0891,31.93,19.5
16.21,7.2343,29.28,19.5
16.22,7.1312,28.59,19.5
16.23,7.1618,28.53,19.5
16.24,7.1925,28.57,19.5
16.25,7.2816,28.61,19.5
16.26,8.2094,29.82,19.5
16.27,8.9697,30.42,19.5
16.28,8.8666,30.66,19.5
16.29,9.2575,30.77,19.5
16.3,9.614,30.83,19.5
16.31,9.5281,30.8,19.5
16.32,8.3469,30.77,19.5
16.33,7.9903,30.53,19.5
16.34,7.7713,29.9,19.5
16.35,7.2386,29.28,19.5
16.36,6.6931,29.49,19.5
16.37,6.5774,29.24,19.5
16.38,6.6188,28.75,19.5
16.39,6.6601,28.08,19.5
16.4,6.7575,26.78,19.5
16.41,6.8262,25.33,19.5
16.42,6.7747,24.39,19.5
16.43,6.7833,24.51,19.5
16.44,6.3967,24.22,19.5
16.45,6.2195,23.71,19.5
16.46,6.211,23.74,19.5
16.47,6.2094,23.77,19.5
16.48,6.3202,24.11,19.5
16.49,6.4311,24.8,19.5
16.5,6.9508,25.47,19.5
16.51,6.9207,26.02,19.5
16.52,6.8536,26.58,19.5
16.53,6.8313,26.94,19.5
16.54,6.8091,27.21,19.5
16.55,7.0496,27.45,19.5
16.56,6.6931,27.49,19.5
16.57,6.7489,27.47,19.5
16.58,6.096,27.46,19.5
16.59,5.9628,27.31,19.5
16.6,6.023,25.37,19.5
16.61,5.7781,22.84,19.5
16.62,5.7094,22.05,19.5
16.63,5.6364,20.95,19.5
16.64,5.5719,19.22,19.5
16.65,5.5075,18.04,19.5
16.66,5.4517,17.74,19.5
16.67,5.4173,17.34,19.5
16.68,5.413,16.81,19.5
16.69,5.4122,16.65,19.5
16.7,5.4131,16.67,19.5
16.71,5.4141,16.7,19.5
16.72,5.4216,16.8,19.5
16.73,5.4646,17.02,19.5
16.74,5.5118,17.49,19.5
16.75,5.5462,17.98,19.5
16.76,5.5548,18.51,19.5
16.77,5.5677,18.98,19.5
16.78,5.6106,20.09,19.5
16.79,5.6493,20.65,19.5
16.8,5.7094,21,19.5
16.81,5.7524,21.23,19.5
16.82,5.8039,21.56,19.5
16.83,5.8168,22.05,19.5
16.84,5.8039,22.12,19.5
16.85,5.7953,22.46,19.5
16.86,5.7695,22.53,19.5
16.87,5.7648,22.64,19.5
16.88,5.7656,22.71,19.5
16.89,5.7663,22.87,19.5
16.9,5.7695,22.89,19.5
16.91,5.7695,23.11,19.5
16.92,5.7717,23.43,19.5
16.93,5.7738,23.54,19.5
16.94,5.7803,23.66,19.5
16.95,5.7953,23.62,19.5
16.96,5.8469,23.97,19.5
16.97,6.0144,24.32,19.5
16.98,6.1261,25.22,19.5
16.99,6.2549,29.27,19.5
17,6.3494,29.88,19.5
17.01,6.4525,31.47,19.5
17.02,6.5427,32.59,19.5
17.03,6.7103,33.26,19.5
17.04,7.2902,37.11,19.5
17.05,8.1192,45.28,19.5
17.06,10.1211,56.96,19.5
17.07,10.2845,56.96,19.5
17.08,11.9662,64.29,19.5
17.09,11.6179,69.89,19.5
17.1,12.2673,71.33,19.5
17.11,12.6888,73.26,19.5
17.12,12.1555,75.04,19.5
17.13,12.091,75.04,19.5
17.14,11.6824,75.03,19.5
17.15,10.3318,74.86,19.5
17.16,9.8589,73.68,19.5
17.17,9.2103,70.22,19.5
17.18,8.7421,62.85,19.5
17.19,8.6175,58.96,19.5
17.2,8.3769,55.47,19.5
17.21,7.8829,50.95,19.5
17.22,7.3374,46.85,19.5
17.23,7.0539,44.06,19.5
17.24,6.8177,40.6,19.5
17.25,6.4182,36.45,19.5
17.26,6.2034,34.17,19.5
17.27,6.0488,30.43,19.5
17.28,5.9285,28.8,19.5
17.29,5.761,27.52,19.5
17.3,5.6235,26.54,19.5
17.31,5.4302,25.41,19.5
17.32,5.3443,24.68,19.5
17.33,5.1811,24.25,19.5
17.34,5.0307,23.61,19.5
17.35,4.9856,22.68,19.5
17.36,4.9877,20.29,19.5
17.37,4.9897,19.53,19.5
17.38,4.9963,19.35,19.5
17.39,5.0393,19.09,19.5
17.4,5.0994,18.92,19.5
17.41,5.1811,18.58,19.5
17.42,5.2627,18.57,19.5
17.43,5.3357,18.57,19.5
17.44,5.4302,18.58,19.5
17.45,5.5161,18.58,19.5
17.46,5.602,19.51,19.5
17.47,5.6106,19.91,19.5
17.48,5.6192,20.33,19.5
17.49,5.675,20.54,19.5
17.5,5.718,20.99,19.5
17.51,5.7352,21.24,19.5
17.52,5.7223,21.46,19.5
17.53,5.7438,21.56,19.5
17.54,5.7652,21.79,19.5
17.55,5.7481,22.03,19.5
17.56,5.7567,22.08,19.5
17.57,5.7567,22.09,19.5
17.58,5.7395,22.07,19.5
17.59,5.7266,22.05,19.5
17.6,5.6922,21.85,19.5
17.61,5.6879,21.47,19.5
17.62,5.6879,21.14,19.5
17.63,5.7094,20.71,19.5
17.64,5.7309,20.25,19.5
17.65,5.7567,20.26,19.5
17.66,5.7395,20.26,19.5
17.67,5.791,20.29,19.5
17.68,5.8769,20.45,19.5
17.69,5.9671,21.12,19.5
17.7,6.0659,21.58,19.5
17.71,6.1991,22.12,19.5
17.72,6.3409,22.29,19.5
17.73,6.5299,22.46,19.5
17.74,6.8606,22.61,19.5
17.75,7.0668,23.4,19.5
17.76,7.3159,24.71,19.5
17.77,7.5565,25.54,19.5
17.78,7.797,26.22,19.5
17.79,8.0419,27.16,19.5
17.8,8.2094,28.37,19.5
17.81,8.3855,29.39,19.5
17.82,9.017,29.19,19.5
17.83,9.2618,29.77,19.5
17.84,9.1974,30.25,19.5
17.85,9.2274,33.35,19.5
17.86,9.511,34.69,19.5
17.87,10.0781,37.15,19.5
17.88,10.5297,38.83,19.5
17.89,10.7447,40.54,19.5
17.9,11.3039,44.47,19.5
17.91,11.6824,47.39,19.5
17.92,12.0652,47.58,19.5
17.93,12.8523,47.77,19.5
17.94,12.9684,47.7,19.5
17.95,12.4781,47.96,19.5
17.96,12.2673,48.23,19.5
17.97,12.1254,48.98,19.5
17.98,12.0996,50.41,19.5
17.99,12.0867,51.15,19.5
18,11.8759,51.32,19.5
18.01,11.7791,51.4,19.5
18.02,11.782,50.73,19.5
18.03,11.7849,50.06,19.5
18.04,11.7942,47.85,19.5
18.05,11.8114,45.77,19.5
18.06,11.8157,45.61,19.5
18.07,11.82,45.55,19.5
18.08,11.7786,45.57,19.5
18.09,11.7595,45.59,19.5
18.1,11.7628,46.91,19.5
18.11,11.7662,49.62,19.5
18.12,11.8372,54.2,19.5
18.13,12.1641,56.96,19.5
18.14,13.635,57.93,19.5
18.15,14.2888,62.09,19.5
18.16,14.6931,64.77,19.5
18.17,15.334,68.3,19.5
18.18,16.2673,72.54,19.5
18.19,16.6415,75.18,19.5
18.2,16.8351,75.52,19.5
18.21,16.534,75.86,19.5
18.22,16.4071,75.73,19.5
18.23,16.2802,76.58,19.5
18.24,16.2544,77.44,19.5
18.25,15.8009,82.05,19.5
18.26,15.6003,86.64,19.5
18.27,15.6708,89.84,19.5
18.28,15.7414,91.05,19.5
18.29,15.9146,91.02,19.5
18.3,16.0093,91,19.5
18.31,15.9469,90.97,19.5
18.32,16.0404,90.87,19.5
18.33,16.134,90.63,19.5
18.34,16.0695,89.9,19.5
18.35,15.0845,86.27,19.5
18.36,14.4307,85.01,19.5
18.37,13.7383,83.85,19.5
18.38,13.2867,81.24,19.5
18.39,13.3168,78.24,19.5
18.4,12.6759,75.38,19.5
18.41,11.2308,72.98,19.5
18.42,10.2802,69.96,19.5
18.43,9.7085,67.07,19.5
18.44,9.5644,61.25,19.5
18.45,9.5377,58.75,19.5
18.46,9.5265,56.75,19.5
18.47,9.6132,54.89,19.5
18.48,9.7,54.91,19.5
18.49,9.9061,54.93,19.5
18.5,10.1813,55,19.5
18.51,10.3232,55.39,19.5
18.52,10.3189,55.78,19.5
18.53,10.3512,55.89,19.5
18.54,10.3834,56.71,19.5
18.55,10.6802,57.53,19.5
18.56,11.0759,58.54,19.5
18.57,11.3598,58.54,19.5
18.58,11.0458,58.54,19.5
18.59,11.0677,58.54,19.5
18.6,11.0897,58.2,19.5
18.61,11.1657,57.78,19.5
18.62,11.3211,57.38,19.5
18.63,11.5705,57.2,19.5
18.64,11.1103,57.03,19.5
18.65,10.6372,56.99,19.5
18.66,10.2802,56.95,19.5
18.67,10.177,56.36,19.5
18.68,10.1985,55.63,19.5
18.69,10.1727,55.09,19.5
18.7,10.0738,53.8,19.5
18.71,10.0652,53.29,19.5
18.72,10.0329,51.78,19.5
18.73,10.0007,51.31,19.5
18.74,10.0092,51.21,19.5
18.75,9.9362,50.61,19.5
18.76,9.9147,50.1,19.5
18.77,9.919,50,19.5
18.78,9.7644,49.97,19.5
18.79,9.4809,50.24,19.5
18.8,9.2962,50.51,19.5
18.81,9.1287,52.26,19.5
18.82,8.9396,52.64,19.5
18.83,8.7335,52.54,19.5
18.84,8.6306,52.44,19.5
18.85,8.6618,52.07,19.5
18.86,8.693,50.69,19.5
18.87,8.7764,49.35,19.5
18.88,9.1458,48.06,19.5
18.89,8.6819,46.73,19.5
18.9,8.0118,45.36,19.5
18.91,7.0067,43.84,19.5
18.92,6.7919,41.68,19.5
18.93,6.6716,40.9,19.5
18.94,6.5342,40.1,19.5
18.95,6.4482,38.08,19.5
18.96,6.3795,36.05,19.5
18.97,6.3323,35.68,19.5
18.98,6.2549,35.43,19.5
18.99,6.2206,35.2,19.5
19,6.1776,34.78,19.5
19.01,6.1476,34.25,19.5
19.02,6.096,33.66,19.5
19.03,5.9972,33.39,19.5
19.04,5.8941,32.6,19.5
19.05,5.7932,32.62,19.5
19.06,5.6922,32.36,19.5
19.07,5.6858,32.2,19.5
19.08,5.6868,31.97,19.5
19.09,5.6879,31.67,19.5
19.1,5.7019,31.34,19.5
19.11,5.7159,31.24,19.5
19.12,5.7695,31.1,19.5
19.13,5.7352,30.54,19.5
19.14,5.7695,29.81,19.5
19.15,5.7996,29.53,19.5
19.16,5.8254,29.53,19.5
19.17,5.8168,29.31,19.5
19.18,5.7867,28.9,19.5
19.19,5.787,28.49,19.5
19.2,5.7873,28.31,19.5
19.21,5.8007,28.02,19.5
19.22,5.8404,27.57,19.5
19.23,5.95,27.2,19.5
19.24,6.1218,26.34,19.5
19.25,5.7008,25.96,19.5
19.26,5.5161,25.71,19.5
19.27,5.4817,25.31,19.5
19.28,5.5075,25.01,19.5
19.29,5.4517,24.59,19.5
19.3,5.4087,24.35,19.5
19.31,5.3915,24.22,19.5
19.32,5.3443,23.88,19.5
19.33,5.3404,23.04,19.5
19.34,5.339,22.73,19.5
19.35,5.3417,22.55,19.5
19.36,5.3443,22.29,19.5
19.37,5.3658,21.94,19.5
19.38,5.4216,21.72,19.5
19.39,5.4173,21.38,19.5
19.4,5.4124,21.21,19.5
19.41,5.4156,20.95,19.5
19.42,5.4188,20.9,19.5
19.43,5.4259,20.89,19.5
19.44,5.456,20.91,19.5
19.45,5.5462,20.94,19.5
19.46,5.602,21.13,19.5
19.47,5.6665,21.23,19.5
19.48,5.7438,21.29,19.5
19.49,5.8168,21.29,19.5
19.5,5.8555,21.29,19.5
19.51,5.8941,21.28,19.5
19.52,5.9671,21.18,19.5
19.53,5.9757,21.16,19.5
19.54,5.9628,21.15,19.5
19.55,5.9604,21.19,19.5
19.56,5.9594,21.24,19.5
19.57,5.9655,21.41,19.5
19.58,5.9716,21.48,19.5
19.59,5.9843,21.51,19.5
19.6,6.0101,21.46,19.5
19.61,6.0144,21.41,19.5
19.62,6.0573,21.21,19.5
19.63,6.1003,20.86,19.5
19.64,6.1261,20.75,19.5
19.65,6.1604,20.72,19.5
19.66,6.212,20.82,19.5
19.67,6.2463,20.92,19.5
19.68,6.2936,21.29,19.5
19.69,6.4311,22.1,19.5
19.7,6.4998,25.13,19.5
19.71,6.5943,27.16,19.5
19.72,7.4835,29.1,19.5
19.73,7.8958,30.17,19.5
19.74,7.8443,30.78,19.5
19.75,8.0848,31.55,19.5
19.76,8.291,31.56,19.5
19.77,8.7549,31.56,19.5
19.78,8.9311,30.98,19.5
19.79,8.712,30.4,19.5
19.8,8.102,30.4,19.5
19.81,7.6682,29.56,19.5
19.82,7.0754,29.08,19.5
19.83,6.7017,28.5,19.5
19.84,6.3752,28.14,19.5
19.85,6.1476,27.82,19.5
19.86,6.0936,26.97,19.5
19.87,6.0707,26.2,19.5
19.88,6.0759,25.4,19.5
19.89,6.0811,24.17,19.5
19.9,6.0917,21.58,19.5
19.91,6.096,20,19.5
19.92,6.1132,19.21,19.5
19.93,6.1304,19.14,19.5
19.94,6.1561,0,19.5
19.95,6.1304,0,19.5
19.96,6.1218,0,19.5
19.97,6.0745,0,19.5
19.98,6.0721,0,19.5
19.99,6.1799,0,19.5
20,6.2876,0,19.5
20.01,6.5041,0,19.5
20.02,7.2343,0,19.5
20.03,8.7034,0,19.5
